<?xml version="1.0" encoding="UTF-8"?>
<project-private xmlns="http://www.netbeans.org/ns/project-private/1">
    <editor-bookmarks xmlns="http://www.netbeans.org/ns/editor-bookmarks/2" lastBookmarkId="0"/>
    <open-files xmlns="http://www.netbeans.org/ns/projectui-open-files/2">
        <group>
            <file>file:/Users/philasandeluthuli/Desktop/ST10458672%20-%20Part%203/Account/src/account/Account.java</file>
            <file>file:/Users/philasandeluthuli/Desktop/ST10458672%20-%20Part%203/Account/src/account/Task.java</file>
            <file>file:/Users/philasandeluthuli/Desktop/ST10458672%20-%20Part%203/Account/test/account/AccountTests.java</file>
        </group>
    </open-files>
</project-private>
